UserID,Salary,Fixed_Rent,EMI,Groceries,Subscriptions,UPI_Spent,CreditCard_Spent,Utilities,Investment_Percentage,Month
U001,76785,22619,11184,7879,2638.0,13233,15721,4855,24,Oct
U002,38666,11007,3701,3401,1082.0,5150,4794,6189,23,Jul
U003,38961,12952,4376,3640,,8641,8879,3946,30,Apr
U004,40944,12432,3070,3346,2924.0,9441,4171,4737,12,Sep
U005,121092,34592,13396,12007,,26133,28318,4682,24,Feb
U006,279162,88982,35176,26482,2474.0,49955,38066,2393,18,Mar
U007,38696,12064,2889,4325,2538.0,5632,4994,2601,20,Dec
U008,236935,68896,26051,18986,198.0,45405,34489,2451,20,Jan
U009,49625,12540,5552,4145,282.0,8990,6139,7689,17,Jun
U010,68223,21589,5667,5860,,9191,15814,5875,11,Oct
U011,42200,10859,5519,4087,282.0,6558,10244,2176,19,Nov
U012,38715,11178,2038,4096,,8088,8692,3191,12,Jun
U013,35958,11211,3748,4232,2566.0,3149,3708,7554,12,Feb
U014,100477,29040,14079,8451,516.0,11251,16626,2253,12,May
U015,33955,11799,1788,3828,,7395,7683,2398,24,Jun
U016,283999,86359,21317,33636,2633.0,22962,61738,1329,25,Dec
U017,30617,9997,2601,2611,,6042,4473,2411,10,Aug
U018,45097,12693,5835,3865,269.0,3817,6530,4861,20,Oct
U019,124642,43207,15254,11236,1364.0,9696,24771,4904,18,May
U020,63675,17121,6743,6270,1141.0,15158,9152,5457,14,Apr
U021,184137,63689,16142,16804,358.0,13575,42791,5697,14,Mar
U022,62087,16072,6322,5841,,8642,7238,3936,14,Aug
U023,46958,13667,5551,3776,2924.0,4213,6729,6209,12,Jun
U024,61385,20674,7473,4940,407.0,12951,9818,1528,30,Nov
U025,82889,28345,7087,7592,2505.0,15711,18079,3695,19,May
U026,47850,13382,4907,5196,1898.0,11495,11458,2239,11,Nov
U027,57054,14757,4163,5471,2401.0,4852,13034,2059,27,Feb
U028,92647,23751,7579,8076,2704.0,16302,19663,3662,20,Oct
U029,48186,14377,6657,5523,464.0,9376,7696,1869,15,Dec
U030,31355,7970,2894,3243,,3355,3395,5299,21,Mar
U031,43439,10974,4643,5194,727.0,7871,5756,5427,30,Dec
U032,37214,10964,3824,4203,1287.0,2975,6120,3003,16,Jun
U033,143421,39358,17968,11933,2679.0,17578,22647,3264,20,Sep
U034,284891,84212,30801,28823,1632.0,32598,68443,7416,17,Jul
U035,42274,14505,4309,4994,1833.0,4870,10346,4831,15,Apr
U036,74455,21431,8097,8795,2367.0,11681,11593,2778,30,Jul
U037,103453,30735,6495,8617,2485.0,17065,24449,6663,24,Dec
U038,77053,21066,6996,6336,1043.0,8160,15653,3017,17,Jan
U039,61483,16861,7814,6617,1844.0,5686,11634,5537,29,Jun
U040,52280,15249,4060,4323,,10904,11583,2232,23,Jun
U041,65775,20321,7843,7748,1156.0,11895,6784,1899,30,Mar
U042,195891,64794,20588,22879,1421.0,44404,46399,6370,24,Nov
U043,47346,13684,2866,3957,1135.0,6383,6798,4561,27,Jan
U044,139847,36266,9814,16304,1246.0,17645,24176,6118,28,Mar
U045,69541,23871,4747,6782,,10331,10817,1156,12,May
U046,60311,19045,7591,7020,1964.0,12111,8465,3843,25,Dec
U047,52118,16230,3871,4584,1325.0,11356,10293,2937,11,Nov
U048,116690,32161,6613,11159,678.0,10486,27131,7427,26,Sep
U049,33988,11664,1807,3153,1809.0,2503,4055,6856,20,Mar
U050,43920,13075,3211,3551,,8364,4666,5129,13,Dec
U051,57259,14699,6109,6574,1055.0,4265,6856,4993,12,Sep
U052,46515,12520,6582,4284,1823.0,9850,8932,1900,10,Jul
U053,74478,19736,10341,6910,2682.0,5264,15992,2458,16,Oct
U054,92523,24547,8907,8892,298.0,13159,22630,3355,27,Jul
U055,178101,52366,10899,19663,728.0,37345,24053,3368,25,Nov
U056,68533,18662,7391,7007,959.0,11920,13711,5220,26,Mar
U057,38309,12962,4590,4070,288.0,3847,9341,4987,19,Jul
U058,37773,10643,2760,4157,440.0,7948,4034,2201,22,Jun
U059,45691,14053,4754,5413,2621.0,7221,10179,1518,30,Oct
U060,33903,8900,2784,3924,999.0,7220,5171,4123,17,Jul
U061,282256,71333,37821,26439,,38894,48764,6181,22,Feb
U062,237595,78847,32819,19468,2897.0,42510,36549,3210,28,Jul
U063,65487,19907,4641,6199,144.0,10236,7218,6046,12,May
U064,55558,17359,7723,6103,,10076,12516,5670,16,Jan
U065,45913,13833,3101,4922,1560.0,6103,5966,6201,21,Mar
U066,169468,53837,21625,16209,2291.0,20095,20163,7888,23,Jan
U067,40116,13503,6007,4678,,9153,5555,7112,25,Nov
U068,42683,13034,4653,4086,1642.0,8663,6457,6573,30,Oct
U069,66140,20750,6556,6066,2785.0,7193,8621,2527,13,Dec
U070,289773,81999,31757,24116,2613.0,58543,71369,1450,11,Mar
U071,257027,69767,36525,30004,677.0,52102,46202,2270,18,Feb
U072,30634,10097,4494,3209,387.0,4997,4968,3590,18,Apr
U073,35892,12522,4296,3662,373.0,6149,4458,7171,10,Nov
U074,114065,39164,7974,12707,2550.0,12456,21990,5203,22,Jul
U075,47602,12358,3663,5584,2265.0,10162,11279,1184,26,Oct
U076,266002,82117,36227,27216,,26964,33314,2824,13,Nov
U077,151866,41423,20743,17088,2257.0,20496,23033,7988,17,Apr
U078,37732,10565,2552,3834,2174.0,5729,7399,7880,27,Sep
U079,57843,16964,4614,6027,,14349,9724,3384,19,May
U080,139842,40829,7845,15418,963.0,28074,15639,4802,19,Jul
U081,33523,8944,3163,3142,,7142,8129,1736,14,Feb
U082,39597,13690,3960,3747,2387.0,5420,8659,3298,14,Dec
U083,182621,50810,15181,17983,,31299,43774,5696,10,Mar
U084,192202,55546,25261,22174,2677.0,34209,32297,2146,13,Dec
U085,34032,9279,2788,3206,1684.0,2920,4783,4971,10,Aug
U086,98476,28975,8542,11298,,16381,17320,7317,10,Jun
U087,37295,10893,2527,3567,1034.0,3517,6881,1256,30,Oct
U088,44378,11816,3440,4903,420.0,7759,8011,7637,30,Oct
U089,53721,16782,2834,4853,1843.0,7382,12391,7319,22,Jun
U090,38309,9622,3272,4366,,9065,7790,5230,16,Nov
U091,118095,33774,8604,13835,1183.0,26294,23655,3333,29,Aug
U092,39110,13617,2426,3527,881.0,5626,4096,4040,13,Feb
U093,40746,13329,3821,4648,2560.0,8299,6332,5649,29,Oct
U094,128829,41411,9622,11459,1731.0,9055,15146,2887,27,Apr
U095,148590,41974,10167,14621,1411.0,26823,20959,7494,26,Aug
U096,218385,75227,27507,22224,2560.0,31443,36172,3333,14,Dec
U097,226308,60214,18562,21633,180.0,18866,44263,3326,26,Jul
U098,158575,45380,19122,18401,,39490,31334,7205,22,Jan
U099,30060,8102,1692,3480,111.0,3445,7155,2215,29,Aug
U100,59849,18888,3497,6303,2847.0,7752,6050,4997,16,Nov
U101,36831,11867,2280,3139,556.0,3980,7315,2892,16,Feb
U102,218639,73535,25225,19743,,33646,27094,1627,11,Mar
U103,285853,76707,16922,23804,826.0,57641,59412,5566,19,Jun
U104,31595,9190,1957,2756,1685.0,2990,7808,2225,15,Jul
U105,281348,93412,35891,32700,1772.0,29212,52609,4527,20,Dec
U106,67200,20819,4063,7151,827.0,11254,15434,3124,12,May
U107,58121,15901,4883,5014,187.0,8397,10382,1993,11,Apr
U108,62100,17884,8003,6239,1853.0,9674,7483,7634,10,May
U109,47026,12012,6470,4739,2558.0,7250,5364,3068,16,Dec
U110,48673,14682,5330,4018,137.0,11161,10020,7385,19,Oct
U111,33514,8620,4046,3906,,4789,4694,6660,17,Dec
U112,83784,21067,5192,8068,2905.0,13611,11000,4906,28,May
U113,37827,11634,2705,3567,224.0,9431,4613,4813,13,May
U114,83334,25075,9880,9628,2371.0,15625,17279,5943,16,Jan
U115,54038,16576,3102,5546,2065.0,6838,7329,7426,13,Sep
U116,39131,11978,4539,4484,,9693,8336,5504,22,Jun
U117,76172,26107,8638,7509,1021.0,18797,9638,5373,30,Mar
U118,103656,31814,15133,10479,2559.0,25615,24261,3094,26,May
U119,211875,70385,24607,24627,2315.0,50558,42734,4588,23,May
U120,39688,10228,4493,3597,1075.0,8865,6779,4817,12,Feb
U121,213302,73270,31668,20162,781.0,43751,48443,6033,20,Feb
U122,42274,13919,4875,4593,1894.0,6070,5183,3805,11,Feb
U123,54051,14590,7589,5453,1056.0,11599,12842,5203,16,Sep
U124,47030,16023,3975,4023,552.0,8057,6700,7716,23,Dec
U125,253035,75874,14424,30176,2831.0,26863,38261,1459,16,Dec
U126,137311,41263,17059,14389,1757.0,31180,25000,6070,23,Jan
U127,63072,20000,6437,6772,1774.0,5594,14260,2363,18,Oct
U128,208974,65788,23149,18930,,46334,23113,2638,20,Aug
U129,177526,56900,12998,18540,837.0,27044,30212,6416,29,Mar
U130,65604,16488,7637,5988,,8974,10660,6835,23,Jun
U131,48585,15569,2880,4395,984.0,8578,7082,7274,14,Mar
U132,35197,9423,2753,3016,1433.0,3609,6645,6902,25,Apr
U133,34996,9582,3811,3268,2328.0,3568,5539,6805,15,Feb
U134,76135,25239,10421,6871,,8572,16485,3303,10,Dec
U135,68778,18206,9570,7802,1026.0,8464,16152,6341,24,Jan
U136,193918,66746,15762,19930,,30268,47256,7570,18,Jun
U137,282499,81276,37500,23717,,25822,51241,3628,21,Dec
U138,77170,20569,4046,6724,1175.0,16410,12573,1886,29,Oct
U139,78639,24368,4574,6662,,18186,13007,7566,15,Dec
U140,42181,13791,5890,4334,908.0,5060,8402,1318,14,Sep
U141,66294,17722,8348,7211,2847.0,15191,7482,4808,22,Apr
U142,249350,69340,16986,26440,2211.0,43568,46328,4454,22,Nov
U143,32596,11276,4270,3217,459.0,3328,4181,6776,28,Aug
U144,165235,51596,11090,16583,2389.0,26610,30890,5405,26,Jul
U145,77963,20239,10263,9012,2435.0,18334,18297,5704,16,Oct
U146,282621,81366,36467,32999,1036.0,54508,54461,4505,27,May
U147,57109,16988,7897,6375,,12319,9138,4139,10,Apr
U148,295944,90777,25637,35063,2733.0,48781,56623,2838,28,Feb
U149,39828,10005,3822,4167,743.0,4701,8658,3868,16,May
U150,121098,37808,12633,11110,,12046,24476,3055,16,Oct
U151,40383,13477,5273,4809,2262.0,7537,7478,6726,25,Jan
U152,67112,22422,4680,7302,2147.0,5235,12405,5356,14,Feb
U153,76485,25401,7578,6802,2747.0,7427,18362,3085,18,Apr
U154,203222,69551,28354,17863,1804.0,23401,46661,7814,14,May
U155,53955,16699,3788,4500,2136.0,9575,8141,5483,24,May
U156,32235,8991,4183,3284,1318.0,3130,6449,4928,13,May
U157,190775,63177,24977,17179,478.0,24695,29182,3007,11,Aug
U158,40623,11492,5156,4858,750.0,3950,4083,4972,13,Feb
U159,65111,21119,6407,7438,1656.0,10524,15159,4060,20,Jan
U160,68235,23510,4272,6352,2984.0,15907,15961,1022,30,Apr
U161,143953,41360,19272,12715,,20622,17655,1410,15,Feb
U162,65445,17973,4819,7249,2767.0,14974,10317,3014,29,Nov
U163,269087,92975,35457,22797,379.0,32511,41117,7098,30,Jun
U164,58572,14964,8029,6766,1998.0,10988,14068,7846,19,Jul
U165,76174,24123,9187,7240,853.0,15217,14458,7139,20,Jul
U166,48356,16345,2793,4531,2329.0,7150,6718,7160,23,Jun
U167,50577,15309,3806,4827,2535.0,12448,7922,2079,17,Oct
U168,292902,80494,16934,25765,930.0,34572,54061,7093,21,Jun
U169,35882,9297,3279,4248,1393.0,5077,8826,6373,23,Nov
U170,73444,19586,7749,6396,625.0,12673,8229,4529,13,Jun
U171,69783,22706,9403,6345,1549.0,15684,13547,4685,29,Jun
U172,32853,9680,4647,3154,258.0,4626,7341,2623,16,Jun
U173,68617,17732,8939,6809,1077.0,6624,10016,5722,16,Jan
U174,31202,9896,2439,3159,2901.0,7246,6332,4935,17,Jan
U175,36265,9773,2091,4271,1937.0,7820,6780,7253,16,Feb
U176,75586,19367,4015,6101,,13050,18176,2755,18,Jul
U177,65153,17367,6775,5291,1957.0,11819,14662,7756,20,Feb
U178,40373,10148,5361,4575,553.0,4336,6780,2827,29,Nov
U179,276357,85502,34084,23089,844.0,46345,35282,6315,10,May
U180,176880,59945,23734,18445,1161.0,30798,35841,5013,22,Jul
U181,39371,12629,4921,3522,2733.0,8376,9417,1921,28,Apr
U182,88217,24568,4670,7341,2450.0,16971,14744,1224,10,Jul
U183,72827,22819,5301,7081,822.0,15158,18070,7732,22,Feb
U184,213102,61753,26006,23591,95.0,19767,26595,4062,30,Jun
U185,68393,19278,8049,5799,2984.0,11916,7463,7775,21,Oct
U186,38083,10016,3315,4225,2576.0,5054,5003,4392,29,Jun
U187,66275,18427,5658,5647,172.0,5994,14360,7755,16,Feb
U188,30791,10597,4092,2522,523.0,6233,4052,2628,19,Jul
U189,43236,13352,4493,4595,1230.0,7896,5118,4278,12,Sep
U190,120118,39755,8961,11951,,12572,24887,6006,24,Mar
U191,45571,14262,2803,5196,1558.0,11171,8425,5041,23,Apr
U192,249167,84724,20560,20674,1456.0,47784,35106,1665,10,Aug
U193,44367,13806,4732,4375,1428.0,3204,6193,6597,12,Aug
U194,46316,15324,3556,4181,2243.0,5995,9584,2912,19,May
U195,296651,75418,18237,33032,1210.0,69125,72434,5483,30,Aug
U196,138776,47059,13696,12499,2067.0,10832,32264,3026,16,Oct
U197,34547,10635,3624,3712,1567.0,6642,4906,3198,24,Feb
U198,30330,10147,2924,3534,2350.0,4415,7188,4885,30,Oct
U199,78586,24333,5329,7403,654.0,8538,11873,5225,21,Oct
U200,197199,55790,22700,23326,1800.0,21846,26115,7661,23,Mar
U201,59530,18510,6800,5997,2041.0,12790,7477,3881,20,Sep
U202,31745,9556,1784,2721,2237.0,5671,6578,5212,15,Dec
U203,234720,76278,15363,26030,1040.0,29474,48399,4073,23,Aug
U204,60927,16366,8188,5827,1123.0,12620,6285,6556,22,May
U205,42353,11930,5668,4889,2096.0,9809,6227,2779,15,Oct
U206,54322,15752,5095,5164,1094.0,7570,7225,4604,20,Mar
U207,75904,24382,9710,7744,2505.0,17638,7883,7484,11,Sep
U208,31157,9280,2685,3289,,2347,3199,4030,12,Sep
U209,48627,15148,5949,5637,1396.0,11352,10687,6645,27,Sep
U210,140039,48235,12930,11339,372.0,32469,28208,6907,13,May
U211,47315,12252,4127,5617,2233.0,5982,7925,4380,20,Sep
U212,45957,15482,5565,4785,2192.0,11440,10726,4274,12,Aug
U213,259283,88014,30352,20782,,60948,56473,2769,23,Mar
U214,47790,16712,3008,4044,2883.0,4980,6196,4149,13,Jun
U215,187718,62150,18075,21552,2649.0,37880,46404,5547,30,Aug
U216,247948,71794,17558,20404,401.0,43984,35328,2613,16,Mar
U217,39871,11772,3562,3962,380.0,7349,6084,3629,15,Apr
U218,256774,71467,17178,30676,1511.0,20409,63649,6324,22,Nov
U219,255343,85419,24557,23611,536.0,57663,39390,6391,23,May
U220,31282,10705,2691,2559,1680.0,4451,4529,1377,22,Sep
U221,43807,14268,5998,4339,,9720,9856,2447,20,Jan
U222,33797,9514,2961,3912,,7300,7922,1640,25,Oct
U223,88228,27765,11325,10214,2938.0,10041,21820,7939,28,Oct
U224,33905,8485,3458,3558,,7529,6739,2358,27,Jan
U225,59077,14959,3218,6129,33.0,5269,11767,6535,25,Jun
U226,114647,39609,8604,12943,534.0,18729,16827,5000,10,Feb
U227,69315,24124,6842,6955,1586.0,11556,16736,7844,12,Mar
U228,42865,11054,6249,4999,,7676,6323,2684,13,Jun
U229,209094,55631,30200,18057,712.0,45300,41575,7831,22,Mar
U230,177477,58843,15741,16479,2984.0,12962,30016,6246,30,Aug
U231,35939,9479,3180,4238,1289.0,6228,4618,2156,25,Dec
U232,59375,20713,6529,5240,166.0,9741,7285,4988,30,Oct
U233,221430,76191,17441,20805,1339.0,29747,52994,3235,16,Jan
U234,128204,40935,18922,13221,752.0,16267,20239,6091,13,Oct
U235,203539,70281,17748,23107,1605.0,41000,34911,3364,22,Jul
U236,38087,12673,2375,3055,871.0,4014,5788,4977,14,Jul
U237,205669,62051,20273,19794,,43815,49680,1394,15,Jul
U238,41259,12211,2954,4225,376.0,9063,5663,4012,24,Jul
U239,49822,16413,4740,5637,238.0,6981,6391,4491,30,Mar
U240,193467,62080,12103,17464,,23720,21034,1938,22,Mar
U241,77053,19443,6998,7677,,16143,9880,2756,12,Oct
U242,68453,22651,6742,8150,2184.0,11302,16303,2081,13,Jan
U243,68718,23161,6057,5727,,4850,11737,3053,29,Jul
U244,57539,14680,7034,6113,1782.0,11109,9474,5074,15,Nov
U245,40184,10261,3751,3338,,6552,7742,4304,12,Apr
U246,35967,12230,5043,2936,,3507,6188,6046,24,Dec
U247,178206,55675,22236,15159,1533.0,40136,34890,3424,14,Oct
U248,43385,13861,2269,5198,1119.0,6150,8078,6018,21,Feb
U249,249955,80538,15535,22144,688.0,60775,47861,1179,12,Nov
U250,286506,86388,37649,31236,,61468,62663,1852,25,Jan
U251,34013,9398,4555,3646,1951.0,3505,4341,4454,30,Oct
U252,262455,65740,19956,31420,1758.0,34333,63682,4763,29,Dec
U253,73663,24326,6103,6825,,5919,11793,5709,10,Jun
U254,118342,41263,10031,10215,1000.0,29385,27315,7627,27,Jun
U255,95532,26306,8799,10908,1554.0,16385,13783,7494,21,May
U256,224892,72824,19677,22288,,32023,46571,6010,20,Nov
U257,30639,8094,4521,3188,,7035,6578,3200,19,Oct
U258,46885,16176,3394,4977,239.0,9387,9723,7069,18,Feb
U259,59183,18031,7706,5054,1297.0,8731,7906,2211,29,Jan
U260,74258,22275,6247,6272,546.0,12203,17435,7779,27,May
U261,253154,67062,23517,27808,1381.0,54947,34242,2956,26,Jul
U262,138632,46837,19838,11855,1806.0,14199,20963,4372,13,May
U263,72796,22641,10576,6195,1767.0,13046,8529,6845,14,Sep
U264,55784,17304,5798,6111,2432.0,9959,6227,5502,10,Oct
U265,31851,9155,1755,2893,1882.0,7960,7730,4701,26,Sep
U266,38641,10203,4146,3804,804.0,4476,9387,3500,30,Nov
U267,261249,68148,20429,28667,,20573,48878,6974,12,Nov
U268,35521,10414,2352,3151,684.0,3480,7639,1009,28,Dec
U269,42191,14567,6306,3825,119.0,8269,8882,3917,16,Jul
U270,63359,17897,4833,6653,1146.0,15578,12933,4522,16,Sep
U271,88431,30336,5221,9597,2129.0,7870,20782,2791,19,Mar
U272,107525,27947,7599,8845,96.0,21906,16470,4199,23,Aug
U273,43191,11348,4363,4527,487.0,10099,5018,6203,17,Jan
U274,30735,9882,4311,2792,1780.0,5419,7584,6386,13,Jan
U275,38052,13193,5238,3722,197.0,5126,9117,2438,24,Oct
U276,41908,11658,2774,4015,1518.0,9232,5839,5582,18,Jun
U277,40183,12833,5505,3575,1345.0,4854,6759,4727,23,Nov
U278,283805,97280,35575,23144,,47161,42572,3080,14,Sep
U279,78582,27240,6781,9216,2793.0,13628,16546,4978,13,Nov
U280,67103,20382,7301,6056,,9147,13988,6636,28,Nov
U281,39049,11718,5663,3551,2698.0,4152,7789,2426,16,Mar
U282,70018,20075,8620,7853,1983.0,8021,7982,5251,19,Apr
U283,62364,19144,4868,6308,457.0,7646,14749,6149,16,Dec
U284,87861,26916,12897,8338,1990.0,15964,12924,6303,21,Sep
U285,178533,50105,10656,17311,129.0,35474,20234,4846,10,May
U286,34217,10082,4092,3640,2675.0,7987,8161,6497,26,Apr
U287,102438,30859,7978,9589,240.0,13187,15471,6862,30,Feb
U288,46447,15502,6960,4480,2095.0,3540,9885,1457,13,May
U289,230514,62158,22528,23552,627.0,28064,36836,1728,29,Mar
U290,169630,49613,21935,16043,176.0,19143,24361,1507,18,Sep
U291,223905,66817,13363,25933,,41122,30151,6614,28,Sep
U292,59549,17762,8157,5422,1097.0,12312,7899,2929,28,Mar
U293,41117,10789,5597,4727,2585.0,5452,8313,3682,27,Jul
U294,74979,20197,9883,8980,18.0,6229,9349,5831,18,Dec
U295,40295,13450,4817,4542,,3646,9335,5528,11,Apr
U296,48341,16740,4029,3965,317.0,11042,11325,3180,15,Jul
U297,37681,11183,2056,3727,2563.0,5755,6580,6108,22,Dec
U298,137415,37880,8998,14433,2242.0,25986,16120,5698,15,Aug
U299,224053,74835,13093,23320,755.0,24429,27166,3156,23,Apr
U300,48656,15511,5789,4996,2351.0,7369,5550,1823,24,Aug
U301,167160,56463,15644,13483,235.0,34312,26594,5764,29,Apr
U302,71290,22505,4892,7500,,9053,12895,1801,24,Mar
U303,42548,11462,2960,4578,2430.0,9725,8822,3325,30,Apr
U304,122946,40342,9436,14712,,29125,28583,6807,13,May
U305,175755,58183,23786,17291,,16429,42407,7855,28,Nov
U306,31669,9479,4282,3543,1420.0,5384,4118,4299,14,Feb
U307,76871,22636,8069,7753,51.0,9804,17648,4249,15,May
U308,115422,29158,6861,9626,1562.0,14725,28713,1079,23,Nov
U309,41672,11785,6219,3916,1351.0,10012,6173,1642,14,Apr
U310,160050,47996,12163,14403,1149.0,34388,30692,2395,19,Jan
U311,67026,21755,3440,7984,2110.0,15609,10184,4675,30,Apr
U312,56313,18204,2913,4725,1778.0,7683,9740,5972,17,Dec
U313,269717,89347,28178,30058,327.0,49532,42028,5170,11,Oct
U314,203001,63354,16552,16976,120.0,32099,48300,5250,28,Nov
U315,293254,76430,28776,29511,1295.0,48272,45406,3234,18,Jan
U316,63354,21125,9184,5105,2017.0,5219,8923,2812,17,May
U317,108697,28145,10829,12350,314.0,19918,25586,2924,16,Sep
U318,104547,28926,12952,10861,,17017,19313,4684,27,May
U319,79414,25476,6784,9348,2188.0,16424,15384,1416,12,Dec
U320,64397,16520,5309,6219,1628.0,10111,10397,4970,12,Sep
U321,31677,11062,3569,3305,128.0,7654,4627,5061,17,Mar
U322,43512,11518,6157,4521,2849.0,8886,5787,1616,27,Jul
U323,189549,61902,14460,21853,,25607,24829,2625,24,Aug
U324,43131,12420,4968,3566,974.0,4746,5916,5458,25,Jul
U325,77034,24448,6718,7535,261.0,13671,13071,4578,29,Dec
U326,73434,22073,6530,7791,1206.0,13944,12947,7847,28,Sep
U327,39849,11288,5748,4610,,3349,4979,7355,30,Nov
U328,125269,39779,18106,13228,2144.0,27852,30182,5111,17,Dec
U329,54708,16013,4940,6123,2560.0,10917,13340,7410,28,Jun
U330,30130,9470,2852,2548,1922.0,4947,3635,6227,29,Oct
U331,285572,78070,23833,31027,103.0,40037,51401,7778,21,Jun
U332,58313,17022,4549,5810,2470.0,10989,13724,2968,25,Apr
U333,299888,93244,22061,33616,,42739,34404,5404,21,Nov
U334,47771,16051,3474,3890,1709.0,7242,5832,4696,23,Mar
U335,49274,15582,3273,5085,,8986,8566,6429,26,Nov
U336,68826,18553,9067,6527,,8023,12826,1645,24,Mar
U337,64722,22561,7702,7555,2228.0,9323,9255,4582,17,Mar
U338,39703,10324,5035,4123,714.0,4813,4756,7590,29,Apr
U339,107361,27286,13687,9857,2266.0,15655,18247,2560,11,May
U340,258024,68068,16651,21591,2863.0,42727,35574,3919,16,Oct
U341,31145,9251,2871,3535,202.0,4634,3203,4766,14,Jun
U342,32578,10729,3528,3294,1569.0,3492,4030,3898,17,Sep
U343,168809,52638,15902,16595,,40715,20206,4734,26,Feb
U344,72312,19290,10127,7254,,11944,9350,4954,23,Oct
U345,187170,50645,14805,18623,,18689,41505,6080,25,Jul
U346,35593,11058,3355,2857,50.0,2885,8584,3684,26,Aug
U347,34127,8897,3865,3698,1982.0,4635,8336,2165,25,Oct
U348,268978,81890,27277,25304,1317.0,60128,56428,4369,10,Jun
U349,59341,18122,6723,4860,547.0,13733,13296,3454,17,Dec
U350,35200,10602,3634,3351,1184.0,7918,5033,5498,11,Sep
U351,77024,23843,8053,6673,2218.0,9018,18471,1497,24,Aug
U352,38720,9918,4753,4391,1193.0,8968,5439,4989,14,Nov
U353,52918,14689,4329,5284,1062.0,9068,6672,5951,15,Aug
U354,42959,14944,4938,4288,1869.0,4409,10282,4842,22,Nov
U355,31451,9754,3353,3593,122.0,7295,6161,2965,12,Dec
U356,92325,29881,5506,8284,486.0,15365,11774,2979,24,Mar
U357,43399,11003,3209,3977,88.0,5885,7755,5850,21,Jul
U358,46501,16013,5637,4291,857.0,5197,6948,6656,29,Jun
U359,74261,19346,7925,8564,,7757,7995,2407,10,Jun
U360,48416,12754,3488,4256,1665.0,9992,10032,6059,19,Dec
U361,44375,14238,4736,4422,1846.0,5775,9879,4233,11,Jun
U362,71082,18727,4512,6928,1758.0,15088,15311,5242,11,Jan
U363,148724,47653,7601,14776,2270.0,29110,22406,7303,14,Feb
U364,205369,53546,11025,20322,2435.0,47546,32381,2340,30,Jan
U365,47130,12515,4972,4224,,5318,8571,1646,27,Nov
U366,63015,17954,9210,7188,2942.0,8734,11800,4068,26,Mar
U367,45336,11423,5559,3864,2668.0,4483,6109,5316,16,Jun
U368,249702,64216,12998,23322,,50353,34286,3882,29,Jan
U369,146680,40491,8401,16678,2605.0,34244,32418,1562,27,Jul
U370,34251,9611,3671,3242,,8504,6789,7120,17,May
U371,30443,8763,3678,3125,,4584,5609,5919,17,Aug
U372,262217,77369,24204,24536,468.0,40513,28841,4739,11,Jun
U373,272981,73660,37328,22652,,52348,66597,7945,28,Nov
U374,41454,12365,2224,4107,2106.0,5239,8879,1255,10,Sep
U375,66206,17231,9535,6661,1190.0,15171,15640,4756,27,Dec
U376,38995,11268,4111,3634,1919.0,9224,6079,5498,25,Jan
U377,70220,23162,5451,5830,2382.0,16618,8546,7028,11,Nov
U378,75787,19559,5618,7692,,6284,8261,3807,25,Nov
U379,57199,19676,4357,5665,2881.0,7033,13064,3272,16,Jun
U380,75576,23616,7538,6925,1507.0,7328,10186,6497,25,Mar
U381,33325,10887,3966,3726,375.0,5775,3991,1603,18,Jul
U382,218882,62456,14777,26217,418.0,29204,30606,2820,27,Aug
U383,78502,22380,11302,6751,487.0,16721,12434,7035,24,Mar
U384,74639,21995,6369,6485,969.0,14835,7799,4851,16,Jun
U385,104696,28278,6513,11017,1023.0,14151,24350,5788,23,Jan
U386,70670,17974,6553,7097,2080.0,8279,9044,7538,29,Mar
U387,50321,15352,2547,5949,1831.0,4556,5165,3210,22,Dec
U388,48077,14128,5775,3927,2053.0,8685,6247,7824,29,Jul
U389,59424,16328,6798,6489,,7364,7672,5148,26,Nov
U390,142525,41042,13047,12567,2338.0,16138,19867,5227,24,Feb
U391,30431,9113,2595,3540,1.0,6556,6754,7952,12,Dec
U392,31166,10318,1741,2584,,6722,6402,4583,11,Jan
U393,37876,10515,2141,4390,1360.0,8412,8396,6346,24,Apr
U394,71382,24625,7558,6413,1955.0,9713,7295,2324,23,Jan
U395,45323,12114,4261,5061,1369.0,3336,5875,5762,26,Nov
U396,43546,12815,5641,4908,1610.0,8970,8075,7393,23,Sep
U397,143639,44955,8175,11877,710.0,14203,28445,2408,27,Jan
U398,64659,22078,3826,7146,2629.0,8121,9043,3132,20,Apr
U399,59324,19816,6231,5261,1961.0,12704,14335,2257,10,Nov
U400,45115,15094,3615,5154,,8118,5030,7194,23,Mar
U401,44444,13557,4779,4421,1824.0,8435,8250,2815,12,Jun
U402,72250,19174,9951,6579,2619.0,8309,8896,6965,15,May
U403,41598,12799,3058,3965,261.0,8432,4528,2390,14,Nov
U404,44532,12434,2292,4367,126.0,5659,10884,1944,23,Dec
U405,65401,20326,8690,5607,1628.0,16161,8194,6335,17,Mar
U406,44234,14990,6572,3839,1947.0,4939,8221,7667,26,Feb
U407,33336,8706,4010,3449,1685.0,6825,6797,2608,13,Oct
U408,124572,35711,12872,13919,2455.0,10281,19996,6169,23,Feb
U409,297270,90897,34853,24360,906.0,39067,74250,2529,19,Oct
U410,31341,8029,1647,2679,1014.0,2273,6403,6903,24,May
U411,82364,24239,9801,8374,917.0,18068,10831,4244,28,Dec
U412,37396,12905,3121,3589,391.0,5143,4960,5527,10,Apr
U413,128891,43788,17989,12419,2689.0,27367,28458,1060,28,Mar
U414,32239,8238,2375,3800,,3619,6956,7562,23,Sep
U415,180554,62650,9584,20272,782.0,41069,43724,3539,21,Jan
U416,211025,62766,27569,20643,,32952,38783,3698,19,Apr
U417,196502,59523,21891,23184,696.0,27760,19740,1562,12,Mar
U418,71788,24429,9347,7734,2732.0,14857,10665,7374,18,Feb
U419,66869,23328,4972,5400,2487.0,9950,7621,5280,30,Dec
U420,43093,10803,2174,4350,2515.0,6841,10016,5826,25,Dec
U421,133153,46430,13122,15687,2954.0,18790,27407,6735,28,Dec
U422,35736,11302,3845,3731,1700.0,7178,6656,3620,25,Apr
U423,63578,16567,4601,5417,1484.0,11840,12443,3143,19,Jan
U424,35495,11130,4078,4098,2032.0,3452,4918,2829,15,Feb
U425,64018,17480,4733,5312,1952.0,15376,8517,6850,17,Nov
U426,173340,56320,22274,15106,2876.0,32881,39395,4990,27,Feb
U427,38487,11085,4947,3546,,9387,7292,7783,14,Apr
U428,213348,58505,28197,21813,,27671,31913,1424,21,May
U429,146301,46685,13096,14605,113.0,29378,29575,4030,27,Mar
U430,186172,63431,13808,17194,980.0,27932,19606,4130,21,Sep
U431,157024,42295,16945,17080,619.0,21735,29402,7149,23,Sep
U432,57345,18083,6557,6676,,10782,12026,6728,16,Jun
U433,282576,76453,30023,33285,,47517,57362,7107,21,Feb
U434,49650,14221,3894,5609,2949.0,8843,6097,4019,11,Aug
U435,57554,14477,5028,6346,1591.0,7253,10687,3318,27,May
U436,54330,16075,2755,4384,,6666,9797,3032,11,Aug
U437,46567,13648,5406,4644,327.0,3762,10074,3642,14,Aug
U438,67278,20969,6222,7814,2077.0,9806,12251,3364,17,Nov
U439,288354,85371,16817,26405,1257.0,59949,60470,4837,14,Dec
U440,254984,72479,12955,28452,711.0,41823,38636,1382,17,Dec
U441,243241,74208,30327,28619,1170.0,35802,37827,5543,30,Jun
U442,45864,14413,3633,4842,2041.0,5766,4804,6718,24,Nov
U443,251031,84997,30551,28678,2586.0,50355,47688,3649,27,Sep
U444,38487,10183,2860,4512,2803.0,7368,4309,3372,24,Aug
U445,278290,85942,18170,25216,,56085,53022,6734,14,Apr
U446,65818,19533,9206,5888,276.0,9401,12245,1647,18,Apr
U447,243008,76227,20408,23404,2543.0,49421,56892,6262,17,Dec
U448,277877,97070,23972,22766,2807.0,25357,61053,1736,19,Jul
U449,242978,67175,15762,22123,,51252,35969,2009,26,Feb
U450,194283,67995,11583,16531,89.0,16474,40565,1872,19,Nov
U451,49871,15867,7163,5428,1479.0,5282,7339,1816,22,Apr
U452,53088,16413,3569,4835,1496.0,12293,8954,1146,19,Sep
U453,254327,88685,13715,24781,58.0,61501,41663,2442,14,Mar
U454,34996,9331,2895,3087,2731.0,6935,6445,1095,17,Aug
U455,69235,23179,6150,6605,2209.0,6239,12256,5877,15,May
U456,72796,24379,3975,7567,1658.0,8784,9807,3843,24,Sep
U457,110290,28000,14145,11506,2840.0,8674,11487,5192,16,May
U458,56886,18049,7052,6454,2120.0,13855,9039,2792,23,Oct
U459,39204,10040,3689,4672,114.0,2810,6262,5412,25,Mar
U460,217852,74317,25549,23751,381.0,24850,54114,6448,30,Jul
U461,62476,17764,3815,6149,1945.0,14314,11938,3277,27,Dec
U462,210829,65324,19640,22476,,29985,50688,7198,23,May
U463,78613,25095,7094,6585,11.0,10417,13122,5633,16,Feb
U464,138704,43816,17893,16620,,23252,16424,5248,17,Jun
U465,51893,16042,4046,5288,2848.0,9994,11743,5171,19,Sep
U466,51488,16444,6955,6028,893.0,5626,6263,4629,15,Jun
U467,171505,49874,17480,19698,,40372,26790,2569,22,Sep
U468,46896,14808,3775,5108,380.0,8353,4876,7652,21,Sep
U469,31138,8622,4381,2590,1955.0,4738,7573,4316,21,Feb
U470,61661,15964,4740,6978,2829.0,9395,14289,2183,14,Sep
U471,157493,50674,16761,13732,502.0,22004,36716,4821,18,Apr
U472,195780,58339,22182,21316,1130.0,38332,32136,3377,11,Jun
U473,33042,9950,1824,3229,1970.0,5021,7711,6566,29,Jun
U474,51031,15823,7285,4553,1027.0,11503,8496,5926,25,Aug
U475,34548,9598,3431,2974,2260.0,5414,7098,6150,23,Jan
U476,33428,11408,4139,2904,,5570,5170,3861,30,Dec
U477,35083,10889,2591,3208,1104.0,6148,4256,7479,15,Jan
U478,219806,73560,15685,25706,1216.0,39828,29309,2364,16,Jun
U479,298665,102995,29563,25094,,46880,34755,6721,22,Jun
U480,117513,40039,8896,10832,1369.0,13145,16301,6609,28,Dec
U481,33162,8398,3040,3928,2753.0,4792,7497,5187,25,Aug
U482,73585,22775,8931,7926,2910.0,14037,13936,7218,27,Dec
U483,78076,26015,10341,6978,1980.0,14280,18498,6518,21,May
U484,55186,18634,5110,5067,1777.0,10957,12701,4550,21,Dec
U485,45802,14501,2483,4292,962.0,5874,5771,7474,22,Aug
U486,47011,13795,4826,3921,492.0,7534,8447,4442,27,Jan
U487,72274,22884,9572,8125,2763.0,7763,16532,2471,21,Sep
U488,33554,9116,4396,2750,2829.0,2541,6350,5475,15,Mar
U489,60998,16449,8835,6342,170.0,8825,12243,2017,12,Aug
U490,40772,11693,3638,3573,953.0,4510,7878,4991,28,Apr
U491,291631,95700,16442,29397,1435.0,72817,62188,7373,30,Apr
U492,47067,13095,5582,4165,2240.0,9723,5591,5391,12,Jun
U493,224137,73100,22438,25061,1188.0,37627,45413,1748,30,Jul
U494,30682,9031,4027,2489,2344.0,7389,6017,1196,30,Aug
U495,31481,8572,1909,2714,1652.0,3619,4269,2495,17,Jul
U496,44885,11297,3836,5255,136.0,4746,8245,4023,23,Oct
U497,45961,11574,4957,5015,414.0,6322,8490,3308,18,Jan
U498,111796,32313,5783,13015,951.0,17291,16400,5934,26,Dec
U499,217668,75184,11809,17767,2413.0,45778,47039,2583,25,Oct
U500,119174,30830,9626,13833,2365.0,12728,20599,7142,26,Oct
U501,45223,14087,3039,5360,1775.0,5982,11245,1612,18,Dec
U502,36198,10337,4376,3706,2961.0,2861,8179,2066,13,Jul
U503,92507,24639,11721,10543,2095.0,6933,9459,4976,12,Sep
U504,39277,11376,5829,4003,2142.0,7472,4495,7879,23,Jun
U505,52173,15546,4581,4872,613.0,3740,8875,7084,29,Sep
U506,35243,8903,2817,3841,,4251,8414,2646,11,Jun
U507,71037,21877,5502,6368,1490.0,17306,7191,3114,30,Dec
U508,37939,10394,3205,4505,,3389,6492,4314,26,Nov
U509,72636,20726,5596,7802,1053.0,13228,14807,4925,18,Apr
U510,37618,10808,3103,3877,2541.0,8409,4595,7721,23,Nov
U511,65417,18206,7786,7308,2809.0,7089,15569,2821,12,Aug
U512,66062,19676,5550,6499,433.0,10260,8615,5891,17,Mar
U513,34696,8718,3390,2810,1808.0,4962,5561,3343,17,Nov
U514,49757,12456,5987,4096,2312.0,4959,7441,1030,18,Jul
U515,51594,13922,5573,6123,764.0,12696,6586,7973,26,Jan
U516,69955,19603,6464,7083,2289.0,15557,11877,6610,23,Jun
U517,71212,20804,9373,8035,2616.0,12954,11615,1949,16,Dec
U518,79718,26928,5969,9480,,8428,15411,1419,19,Aug
U519,296332,84959,20979,24994,2089.0,26213,33076,7631,21,Dec
U520,72494,22349,9257,6162,1241.0,10519,13016,5655,23,Apr
U521,72866,23822,7731,6457,1736.0,6634,17507,6342,13,May
U522,33228,9238,2509,3029,1740.0,7805,3887,4678,28,Oct
U523,252065,69814,35592,27722,,41690,29460,6548,14,Apr
U524,275927,72481,34725,25248,1622.0,54527,40876,6051,13,Oct
U525,184288,55926,18476,18919,301.0,23031,42892,2387,12,Oct
U526,275507,95673,23131,22378,2859.0,57723,55332,6929,27,Nov
U527,49138,14455,5605,4303,2271.0,3631,6346,7999,27,Oct
U528,282914,79476,37412,30129,2049.0,28034,69239,3188,29,Jan
U529,34676,10473,3142,3839,2242.0,4629,8323,4573,22,Jun
U530,208462,57987,15150,17543,2697.0,37339,48019,2370,23,May
U531,48404,16429,4986,5598,1086.0,8783,8884,5926,19,Sep
U532,87911,23930,8957,9131,2221.0,19630,18506,4379,25,Feb
U533,59301,19986,5820,5382,2013.0,14370,9034,3475,14,Mar
U534,78164,26368,7937,6580,1546.0,17307,10334,7926,25,Jun
U535,44548,12482,4967,3725,2072.0,10483,5667,7403,15,Jun
U536,57216,15676,6135,4983,1558.0,11758,13616,2510,23,May
U537,47357,13512,5098,5177,1550.0,7859,10295,5248,20,Mar
U538,41765,10897,2520,3437,1006.0,3115,7406,7765,11,Aug
U539,58558,18960,6926,5832,,4671,14580,7974,12,May
U540,59273,16770,6822,6535,2222.0,10870,13358,1479,28,Aug
U541,76880,25912,8311,6280,2044.0,9409,8692,7288,25,Jun
U542,64513,20354,6966,5998,1279.0,13939,11263,6731,21,Apr
U543,32096,8613,4299,3739,,5184,5244,5101,25,Feb
U544,43175,12367,6082,3513,434.0,5186,8274,2244,27,Nov
U545,41652,13626,4573,4432,447.0,7426,5061,2851,27,Jul
U546,65860,18931,9160,6953,,9388,11929,6393,25,Jun
U547,202859,70392,22029,17564,2039.0,44328,29051,1573,17,May
U548,221379,73147,20375,25557,1553.0,18925,37121,4920,24,Oct
U549,57483,15904,6663,6103,299.0,5618,8076,5048,30,May
U550,62541,20158,4284,7006,679.0,13431,12556,2848,23,Jun
U551,119005,31626,9953,14268,354.0,18478,18189,7055,25,May
U552,193843,54609,19441,19195,1063.0,34404,44083,1836,18,Mar
U553,79295,24162,5839,6382,1025.0,9263,11375,6525,26,Sep
U554,49608,12522,3042,4008,2232.0,11733,9401,1083,23,Jan
U555,37298,9974,3513,3801,797.0,3694,7662,1434,11,Nov
U556,35855,10164,2504,3385,641.0,6933,8622,3482,14,Oct
U557,109693,37601,6909,10425,1741.0,9413,15004,4350,25,Jun
U558,43715,13327,4569,4719,1239.0,6040,8877,1624,25,Aug
U559,245827,73640,32041,26978,2415.0,57903,41876,6164,23,Feb
U560,40981,12650,6015,4226,359.0,8108,9041,7055,18,Oct
U561,151973,46440,20474,13969,,12006,24406,6616,11,Apr
U562,67102,21297,8008,7316,659.0,5177,9383,2283,26,Jan
U563,260897,84310,25221,25509,2481.0,46178,52583,6469,22,Jun
U564,171567,55993,17523,14365,,18790,27025,6430,17,Dec
U565,92334,30871,11981,7906,374.0,20252,10632,2496,23,Apr
U566,76456,22138,9224,7167,2301.0,6184,16534,4542,26,Dec
U567,275295,94790,24174,23804,2798.0,31826,42491,1296,17,Nov
U568,209027,56350,27296,23180,2342.0,48294,43100,1644,23,May
U569,63823,17621,4352,6476,115.0,4949,7661,2172,11,Jul
U570,64561,20217,6491,5496,,6792,6578,1809,23,Jan
U571,67437,18169,4381,7327,827.0,6223,10025,4091,20,Nov
U572,49435,16369,6791,5611,1820.0,10847,10047,7653,16,Dec
U573,41539,13437,2848,4521,2429.0,4905,8400,4743,15,Jun
U574,54694,16427,6619,6350,2572.0,8345,10369,1777,30,Dec
U575,30362,8948,4013,3018,2492.0,6656,7235,7997,11,May
U576,150106,44384,9290,16908,2582.0,32010,28833,2557,16,Oct
U577,37993,11628,5106,3724,1718.0,3194,8471,3735,20,Nov
U578,64255,20826,6924,6134,603.0,4719,13258,3588,21,Jul
U579,48980,12379,7090,4867,1567.0,9823,10191,1955,30,Dec
U580,64555,20177,7170,6416,1266.0,8353,13218,3880,10,Jan
U581,199286,64629,13869,17525,,20914,47646,4355,19,Apr
U582,116390,35209,10781,12360,771.0,16141,15641,6272,25,Dec
U583,110464,35833,13235,11204,2275.0,22870,13546,6934,22,Jun
U584,42027,14026,5661,4312,51.0,5833,5004,6099,22,Jan
U585,34174,8890,2914,3254,1922.0,2648,3473,4046,27,Dec
U586,79184,25916,10281,7627,954.0,10636,9267,3639,20,May
U587,189178,64621,26433,16264,707.0,30981,21692,3013,24,Jun
U588,285585,94403,17503,31929,,64257,41409,4907,22,Apr
U589,117845,38269,8367,12564,2699.0,23373,22746,3967,19,Oct
U590,36277,11362,3087,3471,2405.0,3073,6767,5744,13,May
U591,51267,14209,5795,5431,2464.0,9343,11705,6361,16,Apr
U592,68394,21378,9998,6332,,11068,12588,4504,10,Mar
U593,40649,11304,4521,4347,1454.0,4442,5810,6417,16,Jul
U594,63240,21238,6037,7408,,11659,12584,7267,23,Feb
U595,121409,34483,17359,12344,1741.0,19419,16915,4495,22,Apr
U596,43129,12553,3491,3928,2635.0,6771,6821,2588,15,Nov
U597,69976,18539,9076,5979,895.0,6930,12783,6245,19,Nov
U598,60360,16373,4414,5437,297.0,13298,12461,5199,23,Apr
U599,51001,15490,7531,4796,,5659,11075,4435,14,Jun
U600,69157,18861,3470,8007,,14840,11194,7131,20,Sep
U601,38493,12917,5023,3471,2085.0,4018,8843,1509,29,Feb
U602,58523,16400,4711,5667,2334.0,12546,10050,3775,12,Mar
U603,188364,64581,19857,16829,1042.0,15192,39709,4742,12,Sep
U604,44604,12728,4219,4369,2619.0,7024,6395,3643,22,Oct
U605,51340,17711,7501,5370,,11871,10345,7792,12,Jun
U606,68004,20924,4847,6015,1042.0,10503,6892,6250,23,Dec
U607,76093,24846,10187,7394,2863.0,12292,13154,2872,13,Nov
U608,63880,19531,4390,5952,1468.0,8967,10149,7730,18,Sep
U609,48150,16329,5682,4511,1667.0,7084,5548,6351,15,Sep
U610,286729,72884,38284,29994,1158.0,24452,39125,7269,15,Feb
U611,47322,13947,6572,4353,1514.0,10670,5518,1766,12,Mar
U612,185311,62033,19117,17447,477.0,45088,20020,4870,13,Nov
U613,44446,14783,4169,3755,1580.0,3762,8014,2743,13,May
U614,184189,47260,15546,21399,1425.0,14032,45560,3068,20,Mar
U615,62744,16259,8830,7170,,10942,13229,5018,15,Aug
U616,128967,35001,6493,14189,,10872,16243,6140,13,Oct
U617,131020,45585,15351,12745,1702.0,28936,18296,5854,25,Oct
U618,187335,52771,10358,18576,,43800,32685,5019,25,Dec
U619,36927,11074,5317,3345,2914.0,9180,3703,1512,17,Dec
U620,60375,19678,3098,6936,,10581,7125,1360,27,Feb
U621,67279,20951,7420,6085,404.0,14293,11089,2798,27,Nov
U622,276489,88315,27252,28799,2544.0,54274,35077,1942,28,Jul
U623,67305,18258,7738,6480,1920.0,9851,9812,5348,26,Apr
U624,30160,7691,3005,2587,2117.0,6625,4393,7935,12,Apr
U625,140098,42443,9764,12012,921.0,13368,27519,6158,16,May
U626,277836,80756,28378,23288,177.0,52928,28225,2963,14,Jan
U627,245806,84891,29705,19812,2031.0,47188,50135,3606,10,Jul
U628,53027,17793,7587,4846,2448.0,10494,7730,3634,18,Aug
U629,219684,74664,18372,19683,2651.0,43145,35930,7821,13,Oct
U630,73710,20856,9403,8510,581.0,10442,17623,4223,23,Jun
U631,126471,36937,7918,15098,2645.0,23827,15706,7312,20,Dec
U632,51320,16557,7650,4893,2989.0,4781,10746,1828,18,Jun
U633,36359,10627,2675,3783,1798.0,5963,6579,4621,10,Aug
U634,181055,52670,26321,20220,2633.0,19268,26611,5295,27,Jul
U635,40579,10279,4601,4572,2985.0,5125,9691,3781,27,Jul
U636,38366,10465,4299,4280,18.0,9284,9316,4488,10,May
U637,50395,13407,2799,4588,1217.0,10259,6681,1355,30,Sep
U638,32994,10775,2386,3958,2093.0,4632,4514,3890,28,Jul
U639,194165,51994,12491,19711,775.0,33201,26485,3658,21,Jul
U640,31620,9888,2005,3415,2311.0,4854,3324,2837,22,Jul
U641,39063,12289,2203,4277,2394.0,4756,7045,6171,28,Oct
U642,65335,16831,3491,5680,1274.0,10586,14021,6517,27,Oct
U643,69589,17789,4137,5665,575.0,11712,16045,6892,30,Feb
U644,86286,21966,11963,7301,1156.0,7731,8785,3453,28,Aug
U645,210995,68189,22567,20115,1697.0,39846,45902,3024,16,Oct
U646,39398,11731,2577,4187,289.0,7358,6617,1283,24,Mar
U647,42373,12030,2534,4689,1942.0,3840,6493,3567,17,Jul
U648,242545,69007,32280,20426,690.0,52781,37746,2085,13,Jul
U649,48895,15224,5295,4011,2629.0,5943,5657,3373,21,Feb
U650,60281,18855,8973,7143,1039.0,12103,12722,7726,28,Jun
U651,78959,26140,8702,6915,890.0,15458,14738,2985,10,Jun
U652,33654,10952,1798,3661,244.0,8237,4224,5371,21,Mar
U653,30154,7987,4185,3012,2250.0,6171,5979,4673,15,Oct
U654,61764,19592,8492,7384,2.0,8528,13925,2443,15,May
U655,127051,38469,16213,13506,30.0,21296,24274,2315,13,Jul
U656,75444,24617,10258,6212,,17827,12139,5244,22,Jun
U657,37096,11063,3910,4425,2139.0,8130,4477,1907,28,Jan
U658,43511,11777,3252,4737,271.0,4208,9445,6702,27,Sep
U659,56187,16894,5567,4498,456.0,7375,10624,1047,15,Jun
U660,31855,8042,2972,2786,153.0,6326,4286,2789,18,May
U661,299714,103528,17087,28519,496.0,53579,47435,3535,25,Jul
U662,68407,20458,6014,8200,3000.0,13756,14140,5069,14,Jan
U663,39725,10978,5750,3587,1354.0,3277,7403,2869,10,Nov
U664,88939,23768,5719,9272,2120.0,19920,10202,6713,28,Feb
U665,45866,15270,2495,4932,1171.0,4137,4619,1926,23,Aug
U666,32424,9378,4298,3247,913.0,5089,7826,7969,26,Apr
U667,47007,16403,5228,3937,1307.0,8463,8025,6181,25,Aug
U668,207015,59222,19000,21804,754.0,42518,44643,3516,17,Jun
U669,257222,81469,20896,29393,789.0,57496,29079,1696,10,Nov
U670,46585,12696,5235,5087,1061.0,11377,7138,4712,24,Oct
U671,78759,25539,9677,7280,1600.0,17811,10004,2375,21,Sep
U672,63851,17179,6579,6105,1724.0,6021,14190,3397,15,Sep
U673,43262,11720,2539,4919,1025.0,8844,9574,7876,17,Aug
U674,131204,41511,12383,14002,2288.0,11037,15063,4129,14,Jan
U675,75110,19885,5596,7922,,6961,9784,7860,16,Dec
U676,79207,25069,4490,7819,1986.0,9651,19542,5493,25,Jul
U677,139932,48552,20859,16210,96.0,28380,15158,4941,20,May
U678,76004,22225,4417,8940,2502.0,18198,15414,6034,18,Feb
U679,78691,22624,9885,8273,1084.0,13143,8032,5450,26,Aug
U680,155972,53051,16150,17207,1455.0,17578,33252,4301,26,Nov
U681,42427,11097,4079,4576,131.0,5096,9082,5220,16,Jan
U682,38449,10869,1949,3420,2473.0,3026,4555,5622,24,Nov
U683,55600,15447,3676,4925,2559.0,9191,10203,6517,10,Jan
U684,125223,32235,15843,10325,2187.0,15244,27015,2961,14,Aug
U685,56027,15484,3997,4818,117.0,11999,12558,4814,13,Dec
U686,109197,31612,6483,10145,737.0,13297,14521,3416,10,Jul
U687,32219,9455,1647,3168,989.0,3621,6160,6328,27,Jun
U688,34511,10939,2415,3670,571.0,4020,7702,3652,10,May
U689,134668,40288,17163,15248,,16671,22193,5743,23,Mar
U690,49306,16296,6686,4612,288.0,9885,5987,7807,14,May
U691,46067,16059,5757,4639,2100.0,9451,6703,5377,18,Sep
U692,116420,40604,7361,10605,1056.0,17267,15764,2513,25,May
U693,54124,17190,4894,4891,1881.0,7288,12885,7205,30,Jan
U694,53557,13394,5773,5402,1749.0,10143,9590,4249,11,Jun
U695,230388,65229,30642,19059,,22436,45264,5986,27,Feb
U696,163149,47296,9670,14907,149.0,36104,35327,4009,10,Sep
U697,247258,82397,22087,23589,,57459,54106,2655,23,Apr
U698,74600,24363,10502,7885,2078.0,7211,18468,5697,29,Dec
U699,181039,50356,25695,16157,173.0,33668,25634,7726,23,Sep
U700,35147,11099,3037,3327,,2800,5600,5078,12,Jun
U701,106907,31148,14093,12087,356.0,23799,19640,3511,14,Mar
U702,31862,10720,4524,3251,2494.0,7769,7186,5536,11,Apr
U703,64938,16700,5649,5865,1247.0,10333,11823,6694,11,Jul
U704,105211,27658,7980,9016,,25577,12118,3557,25,Jun
U705,40613,14119,3918,4819,2248.0,10125,8338,6469,15,Jan
U706,63820,20090,4603,6597,,8754,6551,4989,19,Jul
U707,134016,44324,13904,11555,,32591,32943,3598,18,Jun
U708,32049,8776,2662,3621,2072.0,6808,3710,5880,25,May
U709,39939,10145,4771,3806,,5761,9288,1376,23,Jan
U710,200599,69859,23761,19422,632.0,23249,45796,5509,10,Jun
U711,179619,45446,11349,15934,,24589,39583,6998,20,Aug
U712,184344,57622,11393,21858,874.0,34240,38445,6954,12,Jan
U713,49087,14163,6830,5260,2276.0,4967,7825,6833,29,May
U714,50970,15195,3576,5019,2341.0,7131,11141,6091,22,Sep
U715,34975,9727,4852,3859,784.0,3184,4966,3235,17,Sep
U716,113003,37508,11609,11489,893.0,8116,11770,1612,15,Feb
U717,71273,21516,9804,7573,1129.0,16761,13252,2010,30,Jun
U718,52637,15414,6063,5028,2105.0,8885,7629,7061,12,Oct
U719,33905,11397,4533,3463,,5043,6715,4046,23,Oct
U720,34631,9093,4976,4096,420.0,6375,3512,5705,29,Oct
U721,45314,14588,5988,4188,2174.0,8327,6824,5117,15,Feb
U722,270797,83965,30753,28685,2324.0,61672,50313,7010,25,Jul
U723,76753,25987,5778,8603,,10120,9022,6711,16,Mar
U724,69632,19472,3482,6527,1499.0,6089,12988,6399,22,Aug
U725,42288,14362,4259,4837,2323.0,3832,6936,2487,25,Jan
U726,34496,11122,2689,3852,531.0,4115,4171,2863,17,Mar
U727,41985,14559,6045,3746,,4680,6541,7265,22,Feb
U728,72332,20012,5803,7064,990.0,15559,8984,5484,10,Apr
U729,252805,79756,35353,24279,2958.0,58089,58625,1525,21,Mar
U730,70309,17624,4677,6054,121.0,13226,11875,4626,24,Jan
U731,78115,25105,10181,8193,1276.0,18228,11485,1508,29,Oct
U732,61650,18865,7513,6492,,13666,6983,5931,20,Feb
U733,35112,10992,2131,3291,1286.0,5792,8230,1772,20,Jul
U734,50591,14330,4232,4525,2013.0,6887,7768,1372,21,Oct
U735,252783,79214,23243,20305,2692.0,23396,51744,5551,12,Feb
U736,48922,14224,6034,3961,2333.0,8591,5972,1822,18,Feb
U737,41089,11365,3560,4464,1362.0,9469,4419,5684,25,Sep
U738,59460,18955,5821,5640,1782.0,14839,7346,7977,11,Jan
U739,47075,13610,3440,5135,1739.0,11719,6203,4830,14,Mar
U740,66874,17476,7101,6343,1150.0,12184,11478,6157,19,Jun
U741,81057,24621,4297,9308,,8089,17882,1585,21,May
U742,74912,21990,5056,7810,2334.0,10911,8667,4633,24,Sep
U743,254953,68384,30847,28856,2825.0,61320,47122,5743,28,Apr
U744,63273,18394,4001,5462,2056.0,13146,13635,1646,28,Dec
U745,264909,81661,20052,22117,2020.0,60243,46461,7180,27,Apr
U746,41135,13966,5781,4325,2423.0,10143,10219,7856,18,Dec
U747,56419,19677,6108,5428,212.0,11915,7178,3391,17,Aug
U748,73755,20003,3963,8823,2370.0,11534,16090,5287,27,Dec
U749,40620,13971,2934,4872,2659.0,4721,8361,1721,19,Apr
U750,42831,12679,5440,3622,1567.0,8083,7198,2106,13,Mar
U751,64338,19992,4714,5617,805.0,7958,7905,5862,13,Dec
U752,61144,18433,4526,7173,1637.0,11528,13767,6273,22,Mar
U753,50703,15722,5744,5166,1005.0,7415,5143,4478,22,Sep
U754,31294,8262,3380,2963,,4463,6677,6741,26,Aug
U755,204189,70592,17403,21185,,36125,26686,2460,29,Jul
U756,38904,11122,3038,4477,934.0,9681,4411,6252,21,Aug
U757,163452,56863,18022,19362,888.0,29173,18358,3941,30,Dec
U758,71614,21696,6021,7064,736.0,13136,9627,3845,19,Dec
U759,87542,28668,5631,9341,,14355,20968,7318,15,Dec
U760,164068,44036,20675,16242,,19469,40391,7975,18,Jun
U761,249444,79885,35825,22046,439.0,39846,38243,6852,27,Aug
U762,62067,15825,8439,7110,773.0,13754,14162,1596,16,Feb
U763,209367,61189,26380,20980,1167.0,20663,23603,2885,11,Aug
U764,40527,13002,4714,4517,,4504,5512,1673,24,Oct
U765,62887,17132,6916,6065,1480.0,9520,15252,7714,10,Jul
U766,69120,18440,7674,5778,476.0,15871,13586,7672,17,Jul
U767,69948,18896,9822,6354,93.0,6626,11319,5412,27,Nov
U768,64918,18910,3491,6755,,10373,15818,7939,10,Apr
U769,226500,57507,17516,20343,2192.0,21472,38136,2054,12,May
U770,78049,26561,11249,7349,1295.0,9628,9195,2217,26,Jun
U771,30140,9360,3609,2576,592.0,3866,5175,5610,27,Sep
U772,39796,11027,3024,3344,,8353,6909,5344,18,Oct
U773,55716,17784,5650,6108,,6754,11179,7457,21,Feb
U774,35794,11601,3649,4042,1227.0,5470,7151,3303,22,Aug
U775,42692,11211,4011,3845,1776.0,7167,8580,4337,25,Nov
U776,35440,9796,2791,3456,1981.0,4633,8634,4216,28,Nov
U777,31640,10556,3145,3553,,7090,7548,3812,16,Dec
U778,38059,12264,4155,3710,695.0,6693,5918,3167,13,Aug
U779,34821,12131,4750,3893,2562.0,3533,6639,3636,22,Jan
U780,212427,62817,14048,20790,2221.0,47087,27308,5854,24,Jun
U781,40907,10603,3425,3752,2491.0,5822,10083,5011,13,Dec
U782,32851,8389,2527,3876,722.0,5263,3312,2385,11,Jun
U783,40551,10702,2310,3829,657.0,3591,9849,1414,24,May
U784,47260,14498,6869,4326,,6310,10816,1263,17,Oct
U785,44631,11884,5820,3953,,5594,10769,5420,26,Apr
U786,55933,14844,6363,5527,,13313,7188,7573,21,Nov
U787,67099,17679,4533,7804,1066.0,12346,14354,1431,28,Mar
U788,144800,39712,9932,16038,1489.0,31695,24999,1744,15,Dec
U789,48961,15052,2993,4621,1073.0,9043,11297,1470,24,Nov
U790,60338,17016,8404,5355,505.0,10571,7459,6324,10,Feb
U791,30000,9760,3458,2901,2218.0,3411,3295,7560,19,Mar
U792,38347,12647,2292,4007,366.0,7166,4900,4501,29,Nov
U793,79031,26212,7076,8039,1796.0,9417,8795,5648,22,Feb
U794,44262,14510,2668,4571,2293.0,6394,7731,3349,25,Jul
U795,229427,78262,20773,19221,,21414,42986,2138,12,Oct
U796,190762,59750,27194,15406,,27859,22830,6097,26,Jul
U797,55329,17722,5831,6427,2173.0,10532,6766,3180,12,Feb
U798,49410,12693,2683,5696,,11785,7117,5403,11,May
U799,41543,10404,2767,3770,2504.0,7470,6314,3527,20,Dec
U800,42206,14122,2977,3384,929.0,6012,5277,7864,16,Aug
U801,131880,36690,9902,12282,52.0,23812,19815,6140,30,Dec
U802,64699,17827,9309,6895,763.0,10425,16064,2436,10,Jul
U803,181481,48147,23883,17476,,26432,34695,4822,27,Jun
U804,36479,10710,3003,3619,1232.0,8469,6848,5860,25,Sep
U805,55568,14295,6137,5769,2780.0,6555,7238,2658,23,Jan
U806,50518,12949,5099,5232,1822.0,8855,5337,3747,13,Feb
U807,82289,26138,11296,8032,1750.0,16468,14144,3661,17,Jan
U808,31860,11115,3981,2748,2525.0,6881,5263,6271,24,Jun
U809,52319,13763,5624,4953,1541.0,5890,9234,7396,16,Sep
U810,63951,16310,5204,5968,115.0,15986,14544,4524,30,Aug
U811,90086,27431,4800,10006,44.0,21473,15147,3137,20,Dec
U812,130488,39915,7508,13409,2724.0,18320,29059,6759,29,Apr
U813,77711,26229,9278,9063,159.0,14496,11341,2813,25,Nov
U814,210358,62416,22872,23327,1110.0,45026,31248,1321,10,Oct
U815,72346,23708,10379,6080,1157.0,8111,14832,1294,15,Oct
U816,46342,13784,5135,4039,,3858,11036,4270,10,Mar
U817,79200,26384,10520,9362,2354.0,13597,18408,1647,26,Dec
U818,68952,20559,7081,6544,,5797,16230,1125,13,Apr
U819,60160,16282,5317,5080,2325.0,4877,9128,6973,22,Jul
U820,136608,46259,15088,15651,1648.0,28370,27380,1125,26,Aug
U821,41767,12856,3810,3560,189.0,6252,4280,3958,14,Oct
U822,90790,26154,7194,9783,1315.0,7350,19452,7035,22,Aug
U823,108327,33475,10158,11670,1225.0,26218,21392,4121,29,Jan
U824,41034,12314,5081,4091,416.0,6705,5237,3112,11,Nov
U825,53837,16918,3611,4450,153.0,10898,7276,6503,21,Jul
U826,73153,24588,4577,6804,405.0,17021,15127,1703,21,Apr
U827,241369,66244,20830,21325,1308.0,39016,26718,3572,18,Nov
U828,44449,13372,4956,5189,2270.0,8496,6696,1469,28,Aug
U829,279057,75693,41809,25198,2574.0,47701,49756,1555,19,Jun
U830,72243,25268,10539,6185,2206.0,13970,13906,7078,19,Jun
U831,68869,18810,9859,6912,1476.0,9806,10230,2944,10,Jan
U832,55287,14781,6237,5223,1310.0,7003,11293,5873,20,Dec
U833,71957,22235,5487,7613,699.0,6380,13369,4423,27,Jan
U834,128800,39792,10702,12434,,20979,19444,1510,21,Aug
U835,44506,12855,6361,5238,1409.0,9516,4587,3928,26,Oct
U836,184255,50370,14865,16424,952.0,33883,45521,6771,26,Oct
U837,262262,77763,36461,22174,1342.0,59384,40693,6594,22,Sep
U838,282199,72812,39576,26536,2143.0,59787,68869,5065,12,Apr
U839,179173,58315,9539,19968,1280.0,36579,35869,5986,23,Dec
U840,50351,16126,4052,4084,2592.0,9301,6790,4217,14,Jun
U841,39943,12752,3127,3840,1833.0,4960,9591,5603,15,Apr
U842,30489,10528,4045,3570,657.0,6358,3608,1310,28,Jun
U843,66691,19392,7000,6378,,11301,10978,5707,21,Feb
U844,78512,24109,7290,6919,535.0,13194,13548,2251,13,Apr
U845,45628,12283,2988,4750,946.0,5850,9650,3124,11,Apr
U846,33482,9643,2613,3848,1035.0,2996,5526,2953,23,Aug
U847,49285,16029,3547,5873,313.0,7368,10503,4252,16,Nov
U848,211111,63074,27802,24598,337.0,29438,29021,3718,17,Jun
U849,61333,20699,8617,7208,2388.0,6823,10173,2487,28,Jan
U850,49532,16802,5882,4714,1120.0,6025,5754,3074,24,Dec
U851,90616,23496,4934,10403,1324.0,10439,14649,4458,23,Nov
U852,57580,14780,6215,6478,1088.0,13343,11210,1835,24,Nov
U853,109319,27438,13259,11360,434.0,18455,24020,1669,14,Jun
U854,41894,11939,5305,4111,1698.0,3285,6411,6875,26,Sep
U855,36985,12751,5516,3092,,5351,6860,2274,29,Apr
U856,252926,88519,32606,20734,,34522,52787,5180,21,Sep
U857,151538,45994,13452,12693,2634.0,15370,25747,3297,19,Oct
U858,75820,26395,4432,7813,,5939,16087,3535,17,Nov
U859,258273,87042,13887,29274,,21763,39271,6715,15,Jul
U860,49318,17072,5676,4102,1704.0,10317,8943,1557,13,Dec
U861,64493,17394,6142,6303,946.0,15323,12322,6726,26,Nov
U862,108908,30050,13019,9713,644.0,12015,23728,3156,25,Aug
U863,47712,14241,6257,5125,2932.0,9099,8046,2098,20,Jul
U864,30909,9782,3516,3090,1450.0,4033,5093,6536,13,Mar
U865,59789,20524,8820,6993,2806.0,12132,14043,1643,15,Apr
U866,41013,12724,2556,4197,7.0,9477,9436,6817,27,Apr
U867,213607,65634,19568,22847,1822.0,40924,32050,7698,13,Apr
U868,62907,21249,3452,6290,504.0,15362,11976,4287,23,Oct
U869,75152,23987,6442,8475,1130.0,17450,9771,3503,23,Jul
U870,112253,29575,14651,11423,1857.0,13226,15842,6221,18,Apr
U871,202453,70516,28905,24112,2273.0,17452,42909,7622,10,Jan
U872,69177,20976,9798,6032,1519.0,14287,8024,5208,12,Sep
U873,42812,12878,4684,3843,2643.0,8657,7253,2968,20,Jan
U874,60092,15034,3141,6575,1005.0,12801,6824,1509,25,Apr
U875,199353,51840,17636,20928,2649.0,16133,27996,2905,26,Nov
U876,34468,10463,4036,3162,855.0,8094,5370,2353,23,May
U877,127218,40378,12846,11011,980.0,23689,30062,1967,23,Mar
U878,135939,34490,17271,15631,,26278,18984,7854,28,Jul
U879,36172,10773,3181,4308,351.0,7963,4221,7160,18,Jan
U880,70775,18111,6067,7144,1134.0,17592,11345,5932,13,Apr
U881,219793,71631,13893,20357,1627.0,40538,54684,7467,21,Feb
U882,167021,46334,19024,15618,771.0,17261,26986,5643,23,Apr
U883,50023,15553,4286,5312,669.0,10598,10201,3541,24,May
U884,40292,12745,3897,3393,1851.0,9873,9122,6715,20,Aug
U885,48452,14508,3956,4858,2516.0,10071,11440,4966,14,Dec
U886,222341,77010,21870,19101,346.0,20150,51320,4158,26,Sep
U887,69051,19156,4137,6466,972.0,11960,11294,4492,20,May
U888,229902,66235,24864,23151,2448.0,46102,30473,1763,11,Jun
U889,41868,11674,4834,4507,,3421,8509,3876,19,Jun
U890,113601,28706,16880,12992,445.0,20835,16175,2248,24,Aug
U891,54985,18316,7716,5820,2281.0,11878,9296,2283,18,Dec
U892,77141,19623,4905,8633,150.0,7086,8055,5065,10,Mar
U893,47202,11843,6091,4753,1087.0,9799,5203,6318,17,Jul
U894,240394,61237,25815,27893,270.0,35194,30050,5584,18,Oct
U895,43219,12359,5905,3612,99.0,7697,4728,5735,17,Jul
U896,169551,45663,15907,15927,2997.0,20604,39105,3776,29,Nov
U897,43045,13929,5994,3670,1975.0,4706,8903,6164,23,Mar
U898,143373,36105,16467,16883,2039.0,13057,22752,5514,26,Jan
U899,195841,63147,25410,19466,1222.0,20923,25767,6121,24,Nov
U900,43456,13117,5618,4687,1078.0,5291,10725,6388,14,Jul
U901,36495,11662,4453,4365,2020.0,6768,7514,4633,21,Jun
U902,230591,65611,33069,21249,83.0,24331,41416,2863,23,Oct
U903,165915,42470,8411,13832,2640.0,37580,28423,4231,15,Jun
U904,33500,9116,3588,3326,104.0,6644,6515,7153,26,Nov
U905,63647,18238,6704,5247,,10063,11848,2770,11,May
U906,289384,80680,32292,28708,2581.0,40070,43793,7257,11,Jun
U907,182725,62378,15804,20878,2175.0,27373,33434,3134,14,Feb
U908,175360,44823,12833,14557,284.0,25151,35708,4416,13,Dec
U909,41037,13042,4892,3647,,8881,8366,2979,22,Oct
U910,62903,17283,5421,6444,2022.0,11180,11200,6601,10,Mar
U911,44260,12058,3252,3843,2407.0,5960,7290,2659,17,Feb
U912,202796,65876,29406,22097,2221.0,41100,45508,2909,23,Dec
U913,38935,13438,4332,3265,204.0,8207,8177,7877,13,Feb
U914,203178,65589,23952,21588,655.0,26050,47689,7330,16,Mar
U915,79852,22232,7957,7397,2616.0,18527,17122,2916,30,May
U916,39018,11435,2413,3392,1756.0,6273,4807,1089,19,Aug
U917,282871,79510,29450,28407,883.0,61927,32720,1555,27,Sep
U918,63216,17374,7351,6283,1668.0,7248,9924,7648,16,Jun
U919,43166,13540,6019,3672,,10535,6139,6569,10,May
U920,37652,9790,5322,4013,,7153,5588,2822,19,Mar
U921,164065,53472,11796,14682,2042.0,14407,24127,3490,27,Nov
U922,71997,24940,5960,7420,210.0,9368,17486,5493,27,Mar
U923,53933,14524,7079,5361,2690.0,3992,9208,5089,10,Aug
U924,79401,21518,4817,7144,2303.0,14789,15383,5266,12,Aug
U925,45610,11492,6556,3660,2609.0,6336,11022,3512,21,Sep
U926,254554,82474,34665,26615,674.0,54370,50145,2359,13,Jan
U927,64110,16087,5232,5141,717.0,5826,15980,5360,29,Dec
U928,159149,54505,9177,15514,1549.0,12460,31853,6377,29,May
U929,134109,33739,10460,12852,,11258,13693,4208,24,May
U930,30438,10393,2584,2547,2886.0,6583,6879,1124,18,Jan
U931,103242,28378,13445,9964,,24800,22513,4481,11,Sep
U932,57957,17732,3099,5377,,6552,8524,6092,16,Nov
U933,42448,13156,4078,3922,2482.0,5748,9799,4551,25,Dec
U934,63061,17999,5525,5487,1866.0,7061,11848,6980,21,Oct
U935,279308,79199,38279,32643,1665.0,35838,31916,3936,11,Mar
U936,31193,9601,2147,2855,1047.0,6489,4035,4976,13,Apr
U937,59781,15070,3574,6802,,14201,10960,1720,16,Aug
U938,210878,65167,25305,23708,2658.0,23794,42223,4654,15,Aug
U939,67936,20058,4307,6598,1690.0,8298,14994,3014,13,Sep
U940,42048,13652,5510,3894,2052.0,9607,9365,4064,23,Mar
U941,46469,12520,4121,5236,985.0,11474,8618,6536,23,Sep
U942,31543,9296,4164,2906,,5410,5326,1035,14,Jul
U943,61811,17581,5725,6304,1794.0,7934,10427,3558,15,Jan
U944,40145,12029,5690,3865,2817.0,9499,8296,4730,18,Nov
U945,156855,50431,18345,17588,2024.0,18055,22150,5488,11,Nov
U946,272825,76024,20227,32620,485.0,43454,50207,4670,14,Jan
U947,73204,19096,10788,6803,72.0,9550,12392,1321,28,Feb
U948,66921,22779,7944,5620,807.0,11840,7368,5419,25,Sep
U949,37518,10864,2758,4431,353.0,3420,8601,2591,14,Dec
U950,63233,20922,6008,6106,426.0,6300,13705,1366,10,Jan
U951,70439,18292,3887,6431,1079.0,6528,9327,2180,30,Dec
U952,31156,10780,1844,3091,669.0,3569,6186,5660,14,Jun
U953,155699,46912,14887,12494,,13817,32875,3925,12,May
U954,70205,21294,6255,6164,1417.0,12824,7950,7038,22,Mar
U955,47344,13034,2564,5678,1793.0,5276,7692,5823,11,Sep
U956,248540,71418,19404,22164,196.0,27150,58199,1283,23,Apr
U957,30313,8108,2237,2821,437.0,4350,7408,1496,30,Sep
U958,230252,68748,14131,20649,687.0,26395,39163,7675,12,May
U959,37785,11985,3553,4030,,9311,7052,5558,23,Aug
U960,63863,20091,5580,7426,1024.0,13920,11240,4392,11,Jul
U961,119281,30353,15286,13902,2667.0,25135,22620,1424,17,Apr
U962,45776,14639,6238,3999,,11090,8242,3914,14,Oct
U963,134857,34029,7126,15602,2198.0,30173,28354,4274,30,Feb
U964,120496,32098,16487,11587,202.0,26022,17673,5414,16,Dec
U965,52227,14311,3985,4207,147.0,10426,9614,3609,11,Apr
U966,46796,14389,2875,4389,1138.0,8432,8284,3412,21,Jun
U967,237271,70178,35488,22405,1186.0,40126,34256,7615,27,Nov
U968,175620,51264,23571,20662,2190.0,13773,18678,3617,13,Oct
U969,254605,69642,27092,30106,,57710,49631,1366,12,Jan
U970,68310,22720,7352,7660,2677.0,12508,16963,2135,13,Sep
U971,258656,77097,14240,21957,401.0,44816,27572,6520,22,Oct
U972,166955,49541,9871,17966,928.0,36775,20995,4395,25,Jun
U973,150471,46543,16853,14938,1268.0,30057,36295,4009,25,Mar
U974,79832,20744,7363,8175,2054.0,6901,10038,5718,23,Feb
U975,32946,11152,2960,2869,1380.0,4685,3917,1131,13,Nov
U976,269651,85342,25108,30099,1054.0,63574,27291,3313,28,Jun
U977,72802,20742,6404,6931,1989.0,7572,13615,2868,19,Mar
U978,269217,76405,16865,30022,2703.0,25440,46353,1628,23,Mar
U979,62998,20123,6515,5172,27.0,10262,14562,1321,26,Jul
U980,72073,24299,6414,7714,2456.0,11326,9506,5462,21,Jul
U981,70180,17927,5272,7698,,6744,14043,7136,20,Sep
U982,69381,22203,3721,7487,1451.0,9825,8391,4636,14,Oct
U983,48454,12321,4637,5089,,8345,5310,5533,15,Dec
U984,71306,23029,10523,6683,649.0,6345,8641,6673,20,Aug
U985,33572,9060,4060,2716,1271.0,3761,6031,6367,19,Apr
U986,218407,72025,14749,23443,1807.0,32380,24489,3421,11,Feb
U987,55361,15348,6262,6403,1221.0,6499,5934,3168,24,Jan
U988,37745,12253,5654,3454,1916.0,6881,5484,6510,11,Dec
U989,154529,46302,17310,16957,2720.0,28035,18915,1191,11,Jul
U990,55041,19159,6411,6506,2197.0,12726,13361,4897,27,Dec
U991,31537,8361,4010,2887,2554.0,3726,5920,3861,19,Nov
U992,48455,16500,4448,5252,1340.0,5344,10417,3482,21,Jun
U993,40179,11212,4622,3291,1477.0,6538,8601,3447,13,Nov
U994,40170,10199,4977,4415,1721.0,9407,4267,4707,24,Oct
U995,49764,16061,7368,5888,215.0,8009,9941,2617,19,Dec
U996,46038,12198,2622,4334,2991.0,5917,7835,2269,23,May
U997,47609,12170,6839,4973,2996.0,3921,5740,5752,13,Jul
U998,43822,14353,2257,4873,2634.0,8643,10344,1371,24,Oct
U999,69074,17875,3617,6087,424.0,12948,14614,6273,12,Jan
U1000,73707,22616,6130,6359,394.0,6387,17160,5717,15,Sep
